apple.com,no banner,unknown yet,,,,
dzen.ru,no banner,unknown yet,,,,
amazon.com,no banner,unknown yet,,,,
workers.dev,no banner,unknown yet,,,,
wikipedia.org,no banner,unknown yet,,,,
github.com,no banner,unknown yet,,,,
doubleclick.net,no banner,unknown yet,,,,
digicert.com,no banner,unknown yet,,,,
whatsapp.net,no banner,unknown yet,,,,
wordpress.org,no banner,unknown yet,,,,
icloud.com,no banner,unknown yet,,,,
pinterest.com,no banner,unknown yet,,,,
whatsapp.com,no banner,unknown yet,,,,
gandi.net,no banner,unknown yet,,,,
ntp.org,no banner,unknown yet,,,,
vimeo.com,no banner,unknown yet,,,,
adobe.com,no banner,unknown yet,,,,
googledomains.com,no banner,unknown yet,,,,
wa.me,no banner,unknown yet,,,,
nic.ru,no banner,unknown yet,,,,
yandex.ru,no banner,unknown yet,,,,
qq.com,no banner,unknown yet,,,,
nginx.org,no banner,unknown yet,,,,
google-analytics.com,no banner,unknown yet,,,,
cloudflare-dns.com,no banner,unknown yet,,,,
baidu.com,no banner,unknown yet,,,,
sentry.io,no banner,unknown yet,,,,
mozilla.org,no banner,unknown yet,,,,
vk.com,no banner,unknown yet,,,,
blogspot.com,no banner,unknown yet,,,,
t.me,no banner,unknown yet,,,,
snapchat.com,no banner,unknown yet,,,,
github.io,no banner,unknown yet,,,,
dns.google,no banner,unknown yet,,,,
apache.org,no banner,unknown yet,,,,
epicgames.com,no banner,unknown yet,,,,
amazonvideo.com,no banner,unknown yet,,,,
dropbox.com,no banner,unknown yet,,,,
0xrpc.io,no banner,unknown yet,,,,
b-cdn.net,no banner,unknown yet,,,,
pki.goog,no banner,unknown yet,,,,
archive.org,no banner,unknown yet,,,,
nih.gov,no banner,unknown yet,,,,
myfritz.net,no banner,unknown yet,,,,
miit.gov.cn,no banner,unknown yet,,,,
registrar-servers.com,no banner,unknown yet,,,,
reg.ru,no banner,unknown yet,,,,
azurefd.net,no banner,unknown yet,,,,
macromedia.com,no banner,unknown yet,,,,
mailinabox.email,no banner,unknown yet,,,,
example.com,no banner,unknown yet,,,,
lencr.org,no banner,unknown yet,,,,
medium.com,no banner,unknown yet,,,,
w3.org,no banner,unknown yet,,,,
nist.gov,no banner,unknown yet,,,,
creativecommons.org,no banner,unknown yet,,,,
adtrafficquality.google,no banner,unknown yet,,,,
ozon.ru,no banner,unknown yet,,,,
wildberries.ru,no banner,unknown yet,,,,
t.co,no banner,unknown yet,,,,
adsrvr.org,no banner,unknown yet,,,,
mit.edu,no banner,unknown yet,,,,
merkle.io,no banner,unknown yet,,,,
miui.com,no banner,unknown yet,,,,
doi.org,no banner,unknown yet,,,,
scorecardresearch.com,no banner,unknown yet,,,,
android.com,no banner,unknown yet,,,,
who.int,no banner,unknown yet,,,,
prudential.com,no banner,unknown yet,,,,
launchpad.net,no banner,unknown yet,,,,
mikrotik.com,no banner,unknown yet,,,,
mozilla.com,no banner,unknown yet,,,,
wikimedia.org,no banner,unknown yet,,,,
drom.ru,no banner,unknown yet,,,,
mzstatic.com,no banner,unknown yet,,,,
dropcatch.com,no banner,unknown yet,,,,
bilibili.com,no banner,unknown yet,,,,
php.net,no banner,unknown yet,,,,
harvard.edu,no banner,unknown yet,,,,
debian.org,no banner,unknown yet,,,,
weibo.com,no banner,unknown yet,,,,
telegram.org,no banner,unknown yet,,,,
alidns.com,no banner,unknown yet,,,,
adriver.ru,no banner,unknown yet,,,,
nasa.gov,no banner,unknown yet,,,,
cdc.gov,no banner,unknown yet,,,,
myshopify.com,no banner,unknown yet,,,,
gnu.org,no banner,unknown yet,,,,
naver.com,no banner,unknown yet,,,,
t-mobile.com,no banner,unknown yet,,,,
un.org,no banner,unknown yet,,,,
vk.ru,no banner,unknown yet,,,,
stanford.edu,no banner,unknown yet,,,,
go.com,no banner,unknown yet,,,,
cloudflareinsights.com,no banner,unknown yet,,,,
amazonalexa.com,no banner,unknown yet,,,,
duckduckgo.com,no banner,unknown yet,,,,
walmart.com,no banner,unknown yet,,,,
cornell.edu,no banner,unknown yet,,,,
telegram.me,no banner,unknown yet,,,,
gosuslugi.ru,no banner,unknown yet,,,,
taobao.com,no banner,unknown yet,,,,
163.com,no banner,unknown yet,,,,
nstld.com,no banner,unknown yet,,,,
ipify.org,no banner,unknown yet,,,,
line.me,no banner,unknown yet,,,,
crpt.ru,no banner,unknown yet,,,,
addtoany.com,no banner,unknown yet,,,,
goodreads.com,no banner,unknown yet,,,,
ietf.org,no banner,unknown yet,,,,
yahoo.co.jp,no banner,unknown yet,,,,
foxnews.com,no banner,unknown yet,,,,
hcaptcha.com,no banner,unknown yet,,,,
eye4.cn,no banner,unknown yet,,,,
mediatek.com,no banner,unknown yet,,,,
icloud-content.com,no banner,unknown yet,,,,
amzn.to,no banner,unknown yet,,,,
nease.net,no banner,unknown yet,,,,
netease.com,no banner,unknown yet,,,,
360yield.com,no banner,unknown yet,,,,
amazon.co.jp,no banner,unknown yet,,,,
firefox.com,no banner,unknown yet,,,,
bsky.app,no banner,unknown yet,,,,
sohu.com,no banner,unknown yet,,,,
ys7.com,no banner,unknown yet,,,,
deviantart.com,no banner,unknown yet,,,,
blogger.com,no banner,unknown yet,,,,
duckdns.org,no banner,unknown yet,,,,
jquery.com,no banner,unknown yet,,,,
tripadvisor.com,no banner,unknown yet,,,,
rakuten.co.jp,no banner,unknown yet,,,,
fast.com,no banner,unknown yet,,,,
tplinkcloud.com,no banner,unknown yet,,,,
sina.com.cn,no banner,unknown yet,,,,
target.com,no banner,unknown yet,,,,
uk.com,no banner,unknown yet,,,,
berkeley.edu,no banner,unknown yet,,,,
optimizely.com,no banner,unknown yet,,,,
ca.gov,no banner,unknown yet,,,,
loc.gov,no banner,unknown yet,,,,
noaa.gov,no banner,unknown yet,,,,
britannica.com,no banner,unknown yet,,,,
arxiv.org,no banner,unknown yet,,,,
aboutads.info,no banner,unknown yet,,,,
ip-api.com,no banner,unknown yet,,,,
amazontrust.com,no banner,unknown yet,,,,
digitalocean.com,no banner,unknown yet,,,,
brave.com,no banner,unknown yet,,,,
ovh.net,no banner,unknown yet,,,,
publicnode.com,no banner,unknown yet,,,,
vkontakte.ru,no banner,unknown yet,,,,
hath.network,no banner,unknown yet,,,,
g.co,no banner,unknown yet,,,,
he.net,no banner,unknown yet,,,,
tapad.com,no banner,unknown yet,,,,
lijit.com,no banner,unknown yet,,,,
pinimg.com,no banner,unknown yet,,,,
amazon.ca,no banner,unknown yet,,,,
appcenter.ms,no banner,unknown yet,,,,
id5-sync.com,no banner,unknown yet,,,,
llamarpc.com,no banner,unknown yet,,,,
quantserve.com,no banner,unknown yet,,,,
hihonorcloud.com,no banner,unknown yet,,,,
cursor.sh,no banner,unknown yet,,,,
amazon.in,no banner,unknown yet,,,,
shopee.co.id,no banner,unknown yet,,,,
google.cn,no banner,unknown yet,,,,
me.com,no banner,unknown yet,,,,
